{"inputUnits":[34],"outputUnits":2,"inputs":{"0":{"dtype":"number","min":291.4854785108659,"max":333.13856991178574},"1":{"dtype":"number","min":17.188270078067887,"max":233.19852832697518},"2":{"dtype":"number","min":297.1951362357037,"max":341.51091131318145},"3":{"dtype":"number","min":12.193783170763268,"max":225.24474800213966},"4":{"dtype":"number","min":282.98244335033274,"max":325.4600147150646},"5":{"dtype":"number","min":10.77031007287097,"max":226.64873803568162},"6":{"dtype":"number","min":304.1006187156394,"max":352.3451914052982},"7":{"dtype":"number","min":25.15262477346795,"max":228.4041305452759},"8":{"dtype":"number","min":268.13637538262975,"max":315.664891769082},"9":{"dtype":"number","min":20.908282393368125,"max":231.20444076567827},"10":{"dtype":"number","min":311.707447193287,"max":370.04204644097223},"11":{"dtype":"number","min":75.33446670740435,"max":257.1606763575741},"12":{"dtype":"number","min":247.42477149294132,"max":301.6794593617698},"13":{"dtype":"number","min":65.92751307794225,"max":254.27967926679764},"14":{"dtype":"number","min":319.38720582753825,"max":384.7136487458881},"15":{"dtype":"number","min":134.02140775386817,"max":307.31833653143275},"16":{"dtype":"number","min":214.12347150360165,"max":277.51533865231517},"17":{"dtype":"number","min":122.19194319280732,"max":296.8824315954138},"18":{"dtype":"number","min":323.59130413211574,"max":394.0247093631975},"19":{"dtype":"number","min":191.40629283168857,"max":341.403929950201},"20":{"dtype":"number","min":217.2191606488144,"max":292.5394003944322},"21":{"dtype":"number","min":177.5548358642102,"max":314.44676300703196},"22":{"dtype":"number","min":294.59833483482197,"max":355.09104470295745},"23":{"dtype":"number","min":194.21134785137212,"max":330.1400233337521},"24":{"dtype":"number","min":249.77519907217044,"max":302.33386658785633},"25":{"dtype":"number","min":188.0272331014711,"max":335.27313321654555},"26":{"dtype":"number","min":292.75719239233064,"max":367.9597273858202},"27":{"dtype":"number","min":288.81200600785814,"max":378.4023525840357},"28":{"dtype":"number","min":234.53061942236232,"max":294.78577017086985},"29":{"dtype":"number","min":283.4964613886604,"max":365.05098517642847},"30":{"dtype":"number","min":280.5778928016826,"max":346.6592300147341},"31":{"dtype":"number","min":367.96013488174646,"max":432.67797815869426},"32":{"dtype":"number","min":237.21162450243853,"max":308.9370531227156},"33":{"dtype":"number","min":362.4077920002779,"max":388.72390360395343}},"outputs":{"0":{"dtype":"string","min":0,"max":1,"uniqueValues":["Squats_Up","Squats_Down"],"legend":{"Squats_Up":[1,0],"Squats_Down":[0,1]}}},"isNormalized":true}