{"inputUnits":[34],"outputUnits":2,"inputs":{"0":{"dtype":"number","min":117.17765897338151,"max":472.80586525245945},"1":{"dtype":"number","min":54.20545373511361,"max":266.8428518432855},"2":{"dtype":"number","min":123.52456938685961,"max":487.18071236712655},"3":{"dtype":"number","min":45.35917940195541,"max":258.908803765072},"4":{"dtype":"number","min":109.32507728740254,"max":462.9944683469062},"5":{"dtype":"number","min":46.65859051382797,"max":261.7205542848821},"6":{"dtype":"number","min":134.82568662766127,"max":498.3252217105025},"7":{"dtype":"number","min":64.48358457688002,"max":262.1893545526278},"8":{"dtype":"number","min":101.80372777273314,"max":442.2789519014414},"9":{"dtype":"number","min":62.433460079438504,"max":267.4038874754431},"10":{"dtype":"number","min":155.38480345965826,"max":514.5497750027603},"11":{"dtype":"number","min":122.43894907930905,"max":297.3985363400703},"12":{"dtype":"number","min":94.16197481211165,"max":415.9411011337072},"13":{"dtype":"number","min":117.59292825620773,"max":300.0604761134811},"14":{"dtype":"number","min":171.26777158146015,"max":552.3317714044225},"15":{"dtype":"number","min":126.62722700985319,"max":358.9315373530397},"16":{"dtype":"number","min":82.04505979898613,"max":389.7258962292885},"17":{"dtype":"number","min":118.09723748101128,"max":353.90454387107087},"18":{"dtype":"number","min":168.2516878064845,"max":530.2389211078369},"19":{"dtype":"number","min":82.96429877625106,"max":392.533378972877},"20":{"dtype":"number","min":58.868189880490064,"max":432.21559639795015},"21":{"dtype":"number","min":63.572500128495065,"max":386.0049997668052},"22":{"dtype":"number","min":147.6045390644036,"max":502.50249911005267},"23":{"dtype":"number","min":259.59993786282007,"max":482.73984496356445},"24":{"dtype":"number","min":107.56859137997989,"max":443.00075538441916},"25":{"dtype":"number","min":247.2604673508315,"max":446.4846373440927},"26":{"dtype":"number","min":162.88243819863243,"max":522.5493498387625},"27":{"dtype":"number","min":336.48804900706625,"max":534.7756431534973},"28":{"dtype":"number","min":81.55022024411207,"max":447.0608008907087},"29":{"dtype":"number","min":333.253001906486,"max":449.22934786850476},"30":{"dtype":"number","min":161.8767327500133,"max":501.5352920621459},"31":{"dtype":"number","min":400.47445985076484,"max":561.4863741095768},"32":{"dtype":"number","min":122.88030434770192,"max":467.67785085339756},"33":{"dtype":"number","min":395.4904543633117,"max":552.3971159044529}},"outputs":{"0":{"dtype":"string","min":0,"max":1,"uniqueValues":["Standing","Squat"],"legend":{"Standing":[1,0],"Squat":[0,1]}}},"isNormalized":true}