{"inputUnits":[34],"outputUnits":3,"inputs":{"0":{"dtype":"number","min":117.17765897338151,"max":496.9251499585008},"1":{"dtype":"number","min":54.20545373511361,"max":355.53249188101546},"2":{"dtype":"number","min":123.52456938685961,"max":531.1227809615999},"3":{"dtype":"number","min":45.35917940195541,"max":279.59712006195247},"4":{"dtype":"number","min":109.32507728740254,"max":484.4614295885112},"5":{"dtype":"number","min":46.65859051382797,"max":282.80422069408274},"6":{"dtype":"number","min":134.82568662766127,"max":573.2940114636634},"7":{"dtype":"number","min":64.48358457688002,"max":304.51589602940726},"8":{"dtype":"number","min":96.95301911054763,"max":455.40702269555993},"9":{"dtype":"number","min":62.433460079438504,"max":315.83312542117824},"10":{"dtype":"number","min":155.38480345965826,"max":627.722196523209},"11":{"dtype":"number","min":122.43894907930905,"max":501.08548110456263},"12":{"dtype":"number","min":39.848913969816984,"max":437.9865244815224},"13":{"dtype":"number","min":117.59292825620773,"max":494.48603163453333},"14":{"dtype":"number","min":165.02495600233766,"max":638.3770638181452},"15":{"dtype":"number","min":126.62722700985319,"max":562.1083413880702},"16":{"dtype":"number","min":13.933689050507127,"max":476.05988798085707},"17":{"dtype":"number","min":118.09723748101128,"max":573.0715769866289},"18":{"dtype":"number","min":97.8171679104513,"max":583.3552108080531},"19":{"dtype":"number","min":82.96429877625106,"max":545.4880070082161},"20":{"dtype":"number","min":58.868189880490064,"max":521.2513355158458},"21":{"dtype":"number","min":63.572500128495065,"max":565.6586032443576},"22":{"dtype":"number","min":147.6045390644036,"max":574.8949169136627},"23":{"dtype":"number","min":259.59993786282007,"max":565.7446640044392},"24":{"dtype":"number","min":79.49646955345109,"max":443.00075538441916},"25":{"dtype":"number","min":247.2604673508315,"max":561.5892933033131},"26":{"dtype":"number","min":124.62998656036793,"max":557.3798522056892},"27":{"dtype":"number","min":336.48804900706625,"max":549.9415775767543},"28":{"dtype":"number","min":81.55022024411207,"max":479.541686654788},"29":{"dtype":"number","min":333.253001906486,"max":550.373972991289},"30":{"dtype":"number","min":161.8767327500133,"max":559.2116665235969},"31":{"dtype":"number","min":400.47445985076484,"max":564.7222002114934},"32":{"dtype":"number","min":95.61234769765396,"max":467.67785085339756},"33":{"dtype":"number","min":395.4904543633117,"max":560.0378431353653}},"outputs":{"0":{"dtype":"string","min":0,"max":1,"uniqueValues":["Standing","Squat","Too_Close"],"legend":{"Standing":[1,0,0],"Squat":[0,1,0],"Too_Close":[0,0,1]}}},"isNormalized":true}